<?xml version="1.0"?>
<pagescount>
	<html_total>57</html_total>
	<html_done>9</html_done>
	<images>164</images>
	<script>34</script>
	<css>2</css>
	<pdf/>
	<documents/>
	<excel/>
	<powerpoint/>
	<flash/>
	<audios/>
	<videos>1</videos>
	<xml/>
	<json/>
	<txt/>
	<autocad/>
	<fonts>19</fonts>
	<scraping_reload>1</scraping_reload>
	<is_pretty_url>false</is_pretty_url>
	<is_ebn>false</is_ebn>
	<email>diegog.corcuera@gmail.com</email>
	<theme_name>WmdTheme554616</theme_name>
	<server_url_front_page>https://www6.waybackmachinedownloader.com/wdo/files/demo/now.gg_diegog.corcuera_gmail.com_s7cms5q0ou/</server_url_front_page>
	<no_www_url>now.gg</no_www_url>
	<hosted_domain/>
	<original_archive_url>https://now.gg/play/roblox-corporation/5349/roblox</original_archive_url>
	<final_archive_url>https://now.gg/play/roblox-corporation/5349/roblox</final_archive_url>
	<front_page_code_date/>
	<total_urls_from_api/>
	<max_reached_live>false</max_reached_live>
	<scrape_other_captures>false</scrape_other_captures>
	<total_size>22752</total_size>
</pagescount>
